id,edition_id,start_time,end_time
1,1,2013-03-25T06:00:00,2013-03-25T07:00:00
2,1,2013-03-25T07:00:00,2013-03-25T08:00:00
3,1,2013-03-25T08:00:00,2013-03-25T09:00:00
4,1,2013-03-25T09:00:00,2013-03-25T10:00:00
5,1,2013-03-25T10:00:00,2013-03-25T11:00:00
6,1,2013-03-25T11:00:00,2013-03-25T12:00:00
7,1,2013-03-25T12:00:00,2013-03-25T13:00:00
8,1,2013-03-25T13:00:00,2013-03-25T14:00:00
9,1,2013-03-25T14:00:00,2013-03-25T15:00:00
10,1,2013-03-25T15:00:00,2013-03-25T16:00:00
11,1,2013-03-25T16:00:00,2013-03-25T17:00:00
12,1,2013-03-25T17:00:00,2013-03-25T18:00:00
13,1,2013-03-25T18:00:00,2013-03-25T19:00:00
14,1,2013-03-25T19:00:00,2013-03-25T20:00:00
15,2,2013-04-25T06:00:00,2013-04-25T07:00:00
16,2,2013-04-25T07:00:00,2013-04-25T08:00:00
17,2,2013-04-25T08:00:00,2013-04-25T09:00:00
18,2,2013-04-25T09:00:00,2013-04-25T10:00:00
19,2,2013-04-25T10:00:00,2013-04-25T11:00:00
20,2,2013-04-25T11:00:00,2013-04-25T12:00:00
21,2,2013-04-25T12:00:00,2013-04-25T13:00:00
22,2,2013-04-25T13:00:00,2013-04-25T14:00:00
23,2,2013-04-25T14:00:00,2013-04-25T15:00:00
24,2,2013-04-25T15:00:00,2013-04-25T16:00:00
25,2,2013-04-25T16:00:00,2013-04-25T17:00:00
26,2,2013-04-25T17:00:00,2013-04-25T18:00:00
27,2,2013-04-25T18:00:00,2013-04-25T19:00:00
28,2,2013-04-25T19:00:00,2013-04-25T20:00:00
29,3,2013-04-25T06:00:00,2013-04-25T07:00:00
30,3,2013-04-25T07:00:00,2013-04-25T08:00:00
31,3,2013-04-25T08:00:00,2013-04-25T09:00:00
32,3,2013-04-25T09:00:00,2013-04-25T10:00:00
33,3,2013-04-25T10:00:00,2013-04-25T11:00:00
34,3,2013-04-25T11:00:00,2013-04-25T12:00:00
35,3,2013-04-25T12:00:00,2013-04-25T13:00:00
36,3,2013-04-25T13:00:00,2013-04-25T14:00:00
37,3,2013-04-25T14:00:00,2013-04-25T15:00:00
38,3,2013-04-25T15:00:00,2013-04-25T16:00:00
39,3,2013-04-25T16:00:00,2013-04-25T17:00:00
40,3,2013-04-25T17:00:00,2013-04-25T18:00:00
41,3,2013-04-25T18:00:00,2013-04-25T19:00:00
42,3,2013-04-25T19:00:00,2013-04-25T20:00:00
43,4,2013-10-30T06:00:00,2013-10-30T07:00:00
44,4,2013-10-30T07:00:00,2013-10-30T08:00:00
45,4,2013-10-30T08:00:00,2013-10-30T09:00:00
46,4,2013-10-30T09:00:00,2013-10-30T10:00:00
47,4,2013-10-30T10:00:00,2013-10-30T11:00:00
48,4,2013-10-30T11:00:00,2013-10-30T12:00:00
49,4,2013-10-30T12:00:00,2013-10-30T13:00:00
50,4,2013-10-30T13:00:00,2013-10-30T14:00:00
51,4,2013-10-30T14:00:00,2013-10-30T15:00:00
52,4,2013-10-30T15:00:00,2013-10-30T16:00:00
53,4,2013-10-30T16:00:00,2013-10-30T17:00:00
54,4,2013-10-30T17:00:00,2013-10-30T18:00:00
55,4,2013-10-30T18:00:00,2013-10-30T19:00:00
56,4,2013-10-30T19:00:00,2013-10-30T20:00:00
57,5,2014-04-09T06:00:00,2014-04-09T07:00:00
58,5,2014-04-09T07:00:00,2014-04-09T08:00:00
59,5,2014-04-09T08:00:00,2014-04-09T09:00:00
60,5,2014-04-09T09:00:00,2014-04-09T10:00:00
61,5,2014-04-09T10:00:00,2014-04-09T11:00:00
62,5,2014-04-09T11:00:00,2014-04-09T12:00:00
63,5,2014-04-09T12:00:00,2014-04-09T13:00:00
64,5,2014-04-09T13:00:00,2014-04-09T14:00:00
65,5,2014-04-09T14:00:00,2014-04-09T15:00:00
66,5,2014-04-09T15:00:00,2014-04-09T16:00:00
67,5,2014-04-09T16:00:00,2014-04-09T17:00:00
68,5,2014-04-09T17:00:00,2014-04-09T18:00:00
69,5,2014-04-09T18:00:00,2014-04-09T19:00:00
70,5,2014-04-09T19:00:00,2014-04-09T20:00:00
71,6,2014-04-09T06:00:00,2014-04-09T07:00:00
72,6,2014-04-09T07:00:00,2014-04-09T08:00:00
73,6,2014-04-09T08:00:00,2014-04-09T09:00:00
74,6,2014-04-09T09:00:00,2014-04-09T10:00:00
75,6,2014-04-09T10:00:00,2014-04-09T11:00:00
76,6,2014-04-09T11:00:00,2014-04-09T12:00:00
77,6,2014-04-09T12:00:00,2014-04-09T13:00:00
78,6,2014-04-09T13:00:00,2014-04-09T14:00:00
79,6,2014-04-09T14:00:00,2014-04-09T15:00:00
80,6,2014-04-09T15:00:00,2014-04-09T16:00:00
81,6,2014-04-09T16:00:00,2014-04-09T17:00:00
82,6,2014-04-09T17:00:00,2014-04-09T18:00:00
83,6,2014-04-09T18:00:00,2014-04-09T19:00:00
84,6,2014-04-09T19:00:00,2014-04-09T20:00:00
85,7,2014-08-27T06:00:00,2014-08-27T07:00:00
86,7,2014-08-27T07:00:00,2014-08-27T08:00:00
87,7,2014-08-27T08:00:00,2014-08-27T09:00:00
88,7,2014-08-27T09:00:00,2014-08-27T10:00:00
89,7,2014-08-27T10:00:00,2014-08-27T11:00:00
90,7,2014-08-27T11:00:00,2014-08-27T12:00:00
91,7,2014-08-27T12:00:00,2014-08-27T13:00:00
92,7,2014-08-27T13:00:00,2014-08-27T14:00:00
93,7,2014-08-27T14:00:00,2014-08-27T15:00:00
94,7,2014-08-27T15:00:00,2014-08-27T16:00:00
95,7,2014-08-27T16:00:00,2014-08-27T17:00:00
96,7,2014-08-27T17:00:00,2014-08-27T18:00:00
97,7,2014-08-27T18:00:00,2014-08-27T19:00:00
98,7,2014-08-27T19:00:00,2014-08-27T20:00:00
99,8,2015-03-18T06:00:00,2015-03-18T07:00:00
100,8,2015-03-18T07:00:00,2015-03-18T08:00:00
101,8,2015-03-18T08:00:00,2015-03-18T09:00:00
102,8,2015-03-18T09:00:00,2015-03-18T10:00:00
103,8,2015-03-18T10:00:00,2015-03-18T11:00:00
104,8,2015-03-18T11:00:00,2015-03-18T12:00:00
105,8,2015-03-18T12:00:00,2015-03-18T13:00:00
106,8,2015-03-18T13:00:00,2015-03-18T14:00:00
107,8,2015-03-18T14:00:00,2015-03-18T15:00:00
108,8,2015-03-18T15:00:00,2015-03-18T16:00:00
109,8,2015-03-18T16:00:00,2015-03-18T17:00:00
110,8,2015-03-18T17:00:00,2015-03-18T18:00:00
111,8,2015-03-18T18:00:00,2015-03-18T19:00:00
112,8,2015-03-18T19:00:00,2015-03-18T20:00:00
113,9,2015-03-18T06:00:00,2015-03-18T07:00:00
114,9,2015-03-18T07:00:00,2015-03-18T08:00:00
115,9,2015-03-18T08:00:00,2015-03-18T09:00:00
116,9,2015-03-18T09:00:00,2015-03-18T10:00:00
117,9,2015-03-18T10:00:00,2015-03-18T11:00:00
118,9,2015-03-18T11:00:00,2015-03-18T12:00:00
119,9,2015-03-18T12:00:00,2015-03-18T13:00:00
120,9,2015-03-18T13:00:00,2015-03-18T14:00:00
121,9,2015-03-18T14:00:00,2015-03-18T15:00:00
122,9,2015-03-18T15:00:00,2015-03-18T16:00:00
123,9,2015-03-18T16:00:00,2015-03-18T17:00:00
124,9,2015-03-18T17:00:00,2015-03-18T18:00:00
125,9,2015-03-18T18:00:00,2015-03-18T19:00:00
126,9,2015-03-18T19:00:00,2015-03-18T20:00:00
127,10,2015-03-18T06:00:00,2015-03-18T07:00:00
128,10,2015-03-18T07:00:00,2015-03-18T08:00:00
129,10,2015-03-18T08:00:00,2015-03-18T09:00:00
130,10,2015-03-18T09:00:00,2015-03-18T10:00:00
131,10,2015-03-18T10:00:00,2015-03-18T11:00:00
132,10,2015-03-18T11:00:00,2015-03-18T12:00:00
133,10,2015-03-18T12:00:00,2015-03-18T13:00:00
134,10,2015-03-18T13:00:00,2015-03-18T14:00:00
135,10,2015-03-18T14:00:00,2015-03-18T15:00:00
136,10,2015-03-18T15:00:00,2015-03-18T16:00:00
137,10,2015-03-18T16:00:00,2015-03-18T17:00:00
138,10,2015-03-18T17:00:00,2015-03-18T18:00:00
139,10,2015-03-18T18:00:00,2015-03-18T19:00:00
140,10,2015-03-18T19:00:00,2015-03-18T20:00:00
141,11,2015-09-09T06:00:00,2015-09-09T07:00:00
142,11,2015-09-09T07:00:00,2015-09-09T08:00:00
143,11,2015-09-09T08:00:00,2015-09-09T09:00:00
144,11,2015-09-09T09:00:00,2015-09-09T10:00:00
145,11,2015-09-09T10:00:00,2015-09-09T11:00:00
146,11,2015-09-09T11:00:00,2015-09-09T12:00:00
147,11,2015-09-09T12:00:00,2015-09-09T13:00:00
148,11,2015-09-09T13:00:00,2015-09-09T14:00:00
149,11,2015-09-09T14:00:00,2015-09-09T15:00:00
150,11,2015-09-09T15:00:00,2015-09-09T16:00:00
151,11,2015-09-09T16:00:00,2015-09-09T17:00:00
152,11,2015-09-09T17:00:00,2015-09-09T18:00:00
153,11,2015-09-09T18:00:00,2015-09-09T19:00:00
154,11,2015-09-09T19:00:00,2015-09-09T20:00:00
155,12,2016-02-24T06:00:00,2016-02-24T07:00:00
156,12,2016-02-24T07:00:00,2016-02-24T08:00:00
157,12,2016-02-24T08:00:00,2016-02-24T09:00:00
158,12,2016-02-24T09:00:00,2016-02-24T10:00:00
159,12,2016-02-24T10:00:00,2016-02-24T11:00:00
160,12,2016-02-24T11:00:00,2016-02-24T12:00:00
161,12,2016-02-24T12:00:00,2016-02-24T13:00:00
162,12,2016-02-24T13:00:00,2016-02-24T14:00:00
163,12,2016-02-24T14:00:00,2016-02-24T15:00:00
164,12,2016-02-24T15:00:00,2016-02-24T16:00:00
165,12,2016-02-24T16:00:00,2016-02-24T17:00:00
166,12,2016-02-24T17:00:00,2016-02-24T18:00:00
167,12,2016-02-24T18:00:00,2016-02-24T19:00:00
168,12,2016-02-24T19:00:00,2016-02-24T20:00:00
169,13,2016-02-24T06:00:00,2016-02-24T07:00:00
170,13,2016-02-24T07:00:00,2016-02-24T08:00:00
171,13,2016-02-24T08:00:00,2016-02-24T09:00:00
172,13,2016-02-24T09:00:00,2016-02-24T10:00:00
173,13,2016-02-24T10:00:00,2016-02-24T11:00:00
174,13,2016-02-24T11:00:00,2016-02-24T12:00:00
175,13,2016-02-24T12:00:00,2016-02-24T13:00:00
176,13,2016-02-24T13:00:00,2016-02-24T14:00:00
177,13,2016-02-24T14:00:00,2016-02-24T15:00:00
178,13,2016-02-24T15:00:00,2016-02-24T16:00:00
179,13,2016-02-24T16:00:00,2016-02-24T17:00:00
180,13,2016-02-24T17:00:00,2016-02-24T18:00:00
181,13,2016-02-24T18:00:00,2016-02-24T19:00:00
182,13,2016-02-24T19:00:00,2016-02-24T20:00:00
183,14,2016-05-25T06:00:00,2016-05-25T07:00:00
184,14,2016-05-25T07:00:00,2016-05-25T08:00:00
185,14,2016-05-25T08:00:00,2016-05-25T09:00:00
186,14,2016-05-25T09:00:00,2016-05-25T10:00:00
187,14,2016-05-25T10:00:00,2016-05-25T11:00:00
188,14,2016-05-25T11:00:00,2016-05-25T12:00:00
189,14,2016-05-25T12:00:00,2016-05-25T13:00:00
190,14,2016-05-25T13:00:00,2016-05-25T14:00:00
191,14,2016-05-25T14:00:00,2016-05-25T15:00:00
192,14,2016-05-25T15:00:00,2016-05-25T16:00:00
193,14,2016-05-25T16:00:00,2016-05-25T17:00:00
194,14,2016-05-25T17:00:00,2016-05-25T18:00:00
195,14,2016-05-25T18:00:00,2016-05-25T19:00:00
196,14,2016-05-25T19:00:00,2016-05-25T20:00:00
197,15,2016-09-15T06:00:00,2016-09-15T07:00:00
198,15,2016-09-15T07:00:00,2016-09-15T08:00:00
199,15,2016-09-15T08:00:00,2016-09-15T09:00:00
200,15,2016-09-15T09:00:00,2016-09-15T10:00:00
201,15,2016-09-15T10:00:00,2016-09-15T11:00:00
202,15,2016-09-15T11:00:00,2016-09-15T12:00:00
203,15,2016-09-15T12:00:00,2016-09-15T13:00:00
204,15,2016-09-15T13:00:00,2016-09-15T14:00:00
205,15,2016-09-15T14:00:00,2016-09-15T15:00:00
206,15,2016-09-15T15:00:00,2016-09-15T16:00:00
207,15,2016-09-15T16:00:00,2016-09-15T17:00:00
208,15,2016-09-15T17:00:00,2016-09-15T18:00:00
209,15,2016-09-15T18:00:00,2016-09-15T19:00:00
210,15,2016-09-15T19:00:00,2016-09-15T20:00:00
211,16,2016-09-15T06:00:00,2016-09-15T07:00:00
212,16,2016-09-15T07:00:00,2016-09-15T08:00:00
213,16,2016-09-15T08:00:00,2016-09-15T09:00:00
214,16,2016-09-15T09:00:00,2016-09-15T10:00:00
215,16,2016-09-15T10:00:00,2016-09-15T11:00:00
216,16,2016-09-15T11:00:00,2016-09-15T12:00:00
217,16,2016-09-15T12:00:00,2016-09-15T13:00:00
218,16,2016-09-15T13:00:00,2016-09-15T14:00:00
219,16,2016-09-15T14:00:00,2016-09-15T15:00:00
220,16,2016-09-15T15:00:00,2016-09-15T16:00:00
221,16,2016-09-15T16:00:00,2016-09-15T17:00:00
222,16,2016-09-15T17:00:00,2016-09-15T18:00:00
223,16,2016-09-15T18:00:00,2016-09-15T19:00:00
224,16,2016-09-15T19:00:00,2016-09-15T20:00:00
225,17,2016-11-29T06:00:00,2016-11-29T07:00:00
226,17,2016-11-29T07:00:00,2016-11-29T08:00:00
227,17,2016-11-29T08:00:00,2016-11-29T09:00:00
228,17,2016-11-29T09:00:00,2016-11-29T10:00:00
229,17,2016-11-29T10:00:00,2016-11-29T11:00:00
230,17,2016-11-29T11:00:00,2016-11-29T12:00:00
231,17,2016-11-29T12:00:00,2016-11-29T13:00:00
232,17,2016-11-29T13:00:00,2016-11-29T14:00:00
233,17,2016-11-29T14:00:00,2016-11-29T15:00:00
234,17,2016-11-29T15:00:00,2016-11-29T16:00:00
235,17,2016-11-29T16:00:00,2016-11-29T17:00:00
236,17,2016-11-29T17:00:00,2016-11-29T18:00:00
237,17,2016-11-29T18:00:00,2016-11-29T19:00:00
238,17,2016-11-29T19:00:00,2016-11-29T20:00:00
239,18,2016-12-06T06:00:00,2016-12-06T07:00:00
240,18,2016-12-06T07:00:00,2016-12-06T08:00:00
241,18,2016-12-06T08:00:00,2016-12-06T09:00:00
242,18,2016-12-06T09:00:00,2016-12-06T10:00:00
243,18,2016-12-06T10:00:00,2016-12-06T11:00:00
244,18,2016-12-06T11:00:00,2016-12-06T12:00:00
245,18,2016-12-06T12:00:00,2016-12-06T13:00:00
246,18,2016-12-06T13:00:00,2016-12-06T14:00:00
247,18,2016-12-06T14:00:00,2016-12-06T15:00:00
248,18,2016-12-06T15:00:00,2016-12-06T16:00:00
249,18,2016-12-06T16:00:00,2016-12-06T17:00:00
250,18,2016-12-06T17:00:00,2016-12-06T18:00:00
251,18,2016-12-06T18:00:00,2016-12-06T19:00:00
252,18,2016-12-06T19:00:00,2016-12-06T20:00:00
253,19,2016-12-06T06:00:00,2016-12-06T07:00:00
254,19,2016-12-06T07:00:00,2016-12-06T08:00:00
255,19,2016-12-06T08:00:00,2016-12-06T09:00:00
256,19,2016-12-06T09:00:00,2016-12-06T10:00:00
257,19,2016-12-06T10:00:00,2016-12-06T11:00:00
258,19,2016-12-06T11:00:00,2016-12-06T12:00:00
259,19,2016-12-06T12:00:00,2016-12-06T13:00:00
260,19,2016-12-06T13:00:00,2016-12-06T14:00:00
261,19,2016-12-06T14:00:00,2016-12-06T15:00:00
262,19,2016-12-06T15:00:00,2016-12-06T16:00:00
263,19,2016-12-06T16:00:00,2016-12-06T17:00:00
264,19,2016-12-06T17:00:00,2016-12-06T18:00:00
265,19,2016-12-06T18:00:00,2016-12-06T19:00:00
266,19,2016-12-06T19:00:00,2016-12-06T20:00:00
267,20,2017-11-23T06:00:00,2017-11-23T07:00:00
268,20,2017-11-23T07:00:00,2017-11-23T08:00:00
269,20,2017-11-23T08:00:00,2017-11-23T09:00:00
270,20,2017-11-23T09:00:00,2017-11-23T10:00:00
271,20,2017-11-23T10:00:00,2017-11-23T11:00:00
272,20,2017-11-23T11:00:00,2017-11-23T12:00:00
273,20,2017-11-23T12:00:00,2017-11-23T13:00:00
274,20,2017-11-23T13:00:00,2017-11-23T14:00:00
275,20,2017-11-23T14:00:00,2017-11-23T15:00:00
276,20,2017-11-23T15:00:00,2017-11-23T16:00:00
277,20,2017-11-23T16:00:00,2017-11-23T17:00:00
278,20,2017-11-23T17:00:00,2017-11-23T18:00:00
279,20,2017-11-23T18:00:00,2017-11-23T19:00:00
280,20,2017-11-23T19:00:00,2017-11-23T20:00:00
281,21,2018-09-12T06:00:00,2018-09-12T07:00:00
282,21,2018-09-12T07:00:00,2018-09-12T08:00:00
283,21,2018-09-12T08:00:00,2018-09-12T09:00:00
284,21,2018-09-12T09:00:00,2018-09-12T10:00:00
285,21,2018-09-12T10:00:00,2018-09-12T11:00:00
286,21,2018-09-12T11:00:00,2018-09-12T12:00:00
287,21,2018-09-12T12:00:00,2018-09-12T13:00:00
288,21,2018-09-12T13:00:00,2018-09-12T14:00:00
289,21,2018-09-12T14:00:00,2018-09-12T15:00:00
290,21,2018-09-12T15:00:00,2018-09-12T16:00:00
291,21,2018-09-12T16:00:00,2018-09-12T17:00:00
292,21,2018-09-12T17:00:00,2018-09-12T18:00:00
293,21,2018-09-12T18:00:00,2018-09-12T19:00:00
294,21,2018-09-12T19:00:00,2018-09-12T20:00:00
295,22,2018-09-20T06:00:00,2018-09-20T07:00:00
296,22,2018-09-20T07:00:00,2018-09-20T08:00:00
297,22,2018-09-20T08:00:00,2018-09-20T09:00:00
298,22,2018-09-20T09:00:00,2018-09-20T10:00:00
299,22,2018-09-20T10:00:00,2018-09-20T11:00:00
300,22,2018-09-20T11:00:00,2018-09-20T12:00:00
301,22,2018-09-20T12:00:00,2018-09-20T13:00:00
302,22,2018-09-20T13:00:00,2018-09-20T14:00:00
303,22,2018-09-20T14:00:00,2018-09-20T15:00:00
304,22,2018-09-20T15:00:00,2018-09-20T16:00:00
305,22,2018-09-20T16:00:00,2018-09-20T17:00:00
306,22,2018-09-20T17:00:00,2018-09-20T18:00:00
307,22,2018-09-20T18:00:00,2018-09-20T19:00:00
308,22,2018-09-20T19:00:00,2018-09-20T20:00:00
309,23,2019-02-20T06:00:00,2019-02-20T07:00:00
310,23,2019-02-20T07:00:00,2019-02-20T08:00:00
311,23,2019-02-20T08:00:00,2019-02-20T09:00:00
312,23,2019-02-20T09:00:00,2019-02-20T10:00:00
313,23,2019-02-20T10:00:00,2019-02-20T11:00:00
314,23,2019-02-20T11:00:00,2019-02-20T12:00:00
315,23,2019-02-20T12:00:00,2019-02-20T13:00:00
316,23,2019-02-20T13:00:00,2019-02-20T14:00:00
317,23,2019-02-20T14:00:00,2019-02-20T15:00:00
318,23,2019-02-20T15:00:00,2019-02-20T16:00:00
319,23,2019-02-20T16:00:00,2019-02-20T17:00:00
320,23,2019-02-20T17:00:00,2019-02-20T18:00:00
321,23,2019-02-20T18:00:00,2019-02-20T19:00:00
322,23,2019-02-20T19:00:00,2019-02-20T20:00:00
323,24,2019-02-20T06:00:00,2019-02-20T07:00:00
324,24,2019-02-20T07:00:00,2019-02-20T08:00:00
325,24,2019-02-20T08:00:00,2019-02-20T09:00:00
326,24,2019-02-20T09:00:00,2019-02-20T10:00:00
327,24,2019-02-20T10:00:00,2019-02-20T11:00:00
328,24,2019-02-20T11:00:00,2019-02-20T12:00:00
329,24,2019-02-20T12:00:00,2019-02-20T13:00:00
330,24,2019-02-20T13:00:00,2019-02-20T14:00:00
331,24,2019-02-20T14:00:00,2019-02-20T15:00:00
332,24,2019-02-20T15:00:00,2019-02-20T16:00:00
333,24,2019-02-20T16:00:00,2019-02-20T17:00:00
334,24,2019-02-20T17:00:00,2019-02-20T18:00:00
335,24,2019-02-20T18:00:00,2019-02-20T19:00:00
336,24,2019-02-20T19:00:00,2019-02-20T20:00:00
337,25,2019-03-13T06:00:00,2019-03-13T07:00:00
338,25,2019-03-13T07:00:00,2019-03-13T08:00:00
339,25,2019-03-13T08:00:00,2019-03-13T09:00:00
340,25,2019-03-13T09:00:00,2019-03-13T10:00:00
341,25,2019-03-13T10:00:00,2019-03-13T11:00:00
342,25,2019-03-13T11:00:00,2019-03-13T12:00:00
343,25,2019-03-13T12:00:00,2019-03-13T13:00:00
344,25,2019-03-13T13:00:00,2019-03-13T14:00:00
345,25,2019-03-13T14:00:00,2019-03-13T15:00:00
346,25,2019-03-13T15:00:00,2019-03-13T16:00:00
347,25,2019-03-13T16:00:00,2019-03-13T17:00:00
348,25,2019-03-13T17:00:00,2019-03-13T18:00:00
349,25,2019-03-13T18:00:00,2019-03-13T19:00:00
350,25,2019-03-13T19:00:00,2019-03-13T20:00:00
351,26,2019-03-27T06:00:00,2019-03-27T07:00:00
352,26,2019-03-27T07:00:00,2019-03-27T08:00:00
353,26,2019-03-27T08:00:00,2019-03-27T09:00:00
354,26,2019-03-27T09:00:00,2019-03-27T10:00:00
355,26,2019-03-27T10:00:00,2019-03-27T11:00:00
356,26,2019-03-27T11:00:00,2019-03-27T12:00:00
357,26,2019-03-27T12:00:00,2019-03-27T13:00:00
358,26,2019-03-27T13:00:00,2019-03-27T14:00:00
359,26,2019-03-27T14:00:00,2019-03-27T15:00:00
360,26,2019-03-27T15:00:00,2019-03-27T16:00:00
361,26,2019-03-27T16:00:00,2019-03-27T17:00:00
362,26,2019-03-27T17:00:00,2019-03-27T18:00:00
363,26,2019-03-27T18:00:00,2019-03-27T19:00:00
364,26,2019-03-27T19:00:00,2019-03-27T20:00:00
365,27,2019-03-27T06:00:00,2019-03-27T07:00:00
366,27,2019-03-27T07:00:00,2019-03-27T08:00:00
367,27,2019-03-27T08:00:00,2019-03-27T09:00:00
368,27,2019-03-27T09:00:00,2019-03-27T10:00:00
369,27,2019-03-27T10:00:00,2019-03-27T11:00:00
370,27,2019-03-27T11:00:00,2019-03-27T12:00:00
371,27,2019-03-27T12:00:00,2019-03-27T13:00:00
372,27,2019-03-27T13:00:00,2019-03-27T14:00:00
373,27,2019-03-27T14:00:00,2019-03-27T15:00:00
374,27,2019-03-27T15:00:00,2019-03-27T16:00:00
375,27,2019-03-27T16:00:00,2019-03-27T17:00:00
376,27,2019-03-27T17:00:00,2019-03-27T18:00:00
377,27,2019-03-27T18:00:00,2019-03-27T19:00:00
378,27,2019-03-27T19:00:00,2019-03-27T20:00:00
379,28,2019-04-25T05:00:00,2019-04-25T06:00:00
380,28,2019-04-25T06:00:00,2019-04-25T07:00:00
381,28,2019-04-25T07:00:00,2019-04-25T08:00:00
382,28,2019-04-25T08:00:00,2019-04-25T09:00:00
383,28,2019-04-25T09:00:00,2019-04-25T10:00:00
384,28,2019-04-25T10:00:00,2019-04-25T11:00:00
385,28,2019-04-25T11:00:00,2019-04-25T12:00:00
386,28,2019-04-25T12:00:00,2019-04-25T13:00:00
387,28,2019-04-25T13:00:00,2019-04-25T14:00:00
388,28,2019-04-25T14:00:00,2019-04-25T15:00:00
389,28,2019-04-25T15:00:00,2019-04-25T16:00:00
390,28,2019-04-25T16:00:00,2019-04-25T17:00:00
391,28,2019-04-25T17:00:00,2019-04-25T18:00:00
392,28,2019-04-25T18:00:00,2019-04-25T19:00:00
393,28,2019-04-25T19:00:00,2019-04-25T20:00:00
394,29,2019-05-08T06:00:00,2019-05-08T07:00:00
395,29,2019-05-08T07:00:00,2019-05-08T08:00:00
396,29,2019-05-08T08:00:00,2019-05-08T09:00:00
397,29,2019-05-08T09:00:00,2019-05-08T10:00:00
398,29,2019-05-08T10:00:00,2019-05-08T11:00:00
399,29,2019-05-08T11:00:00,2019-05-08T12:00:00
400,29,2019-05-08T12:00:00,2019-05-08T13:00:00
401,29,2019-05-08T13:00:00,2019-05-08T14:00:00
402,29,2019-05-08T14:00:00,2019-05-08T15:00:00
403,29,2019-05-08T15:00:00,2019-05-08T16:00:00
404,29,2019-05-08T16:00:00,2019-05-08T17:00:00
405,29,2019-05-08T17:00:00,2019-05-08T18:00:00
406,29,2019-05-08T18:00:00,2019-05-08T19:00:00
407,29,2019-05-08T19:00:00,2019-05-08T20:00:00
408,30,2019-05-08T06:00:00,2019-05-08T07:00:00
409,30,2019-05-08T07:00:00,2019-05-08T08:00:00
410,30,2019-05-08T08:00:00,2019-05-08T09:00:00
411,30,2019-05-08T09:00:00,2019-05-08T10:00:00
412,30,2019-05-08T10:00:00,2019-05-08T11:00:00
413,30,2019-05-08T11:00:00,2019-05-08T12:00:00
414,30,2019-05-08T12:00:00,2019-05-08T13:00:00
415,30,2019-05-08T13:00:00,2019-05-08T14:00:00
416,30,2019-05-08T14:00:00,2019-05-08T15:00:00
417,30,2019-05-08T15:00:00,2019-05-08T16:00:00
418,30,2019-05-08T16:00:00,2019-05-08T17:00:00
419,30,2019-05-08T17:00:00,2019-05-08T18:00:00
420,30,2019-05-08T18:00:00,2019-05-08T19:00:00
421,30,2019-05-08T19:00:00,2019-05-08T20:00:00
422,31,2019-05-22T06:00:00,2019-05-22T07:00:00
423,31,2019-05-22T07:00:00,2019-05-22T08:00:00
424,31,2019-05-22T08:00:00,2019-05-22T09:00:00
425,31,2019-05-22T09:00:00,2019-05-22T10:00:00
426,31,2019-05-22T10:00:00,2019-05-22T11:00:00
427,31,2019-05-22T11:00:00,2019-05-22T12:00:00
428,31,2019-05-22T12:00:00,2019-05-22T13:00:00
429,31,2019-05-22T13:00:00,2019-05-22T14:00:00
430,31,2019-05-22T14:00:00,2019-05-22T15:00:00
431,31,2019-05-22T15:00:00,2019-05-22T16:00:00
432,31,2019-05-22T16:00:00,2019-05-22T17:00:00
433,31,2019-05-22T17:00:00,2019-05-22T18:00:00
434,31,2019-05-22T18:00:00,2019-05-22T19:00:00
435,31,2019-05-22T19:00:00,2019-05-22T20:00:00
436,32,2019-08-28T06:00:00,2019-08-28T07:00:00
437,32,2019-08-28T07:00:00,2019-08-28T08:00:00
438,32,2019-08-28T08:00:00,2019-08-28T09:00:00
439,32,2019-08-28T09:00:00,2019-08-28T10:00:00
440,32,2019-08-28T10:00:00,2019-08-28T11:00:00
441,32,2019-08-28T11:00:00,2019-08-28T12:00:00
442,32,2019-08-28T12:00:00,2019-08-28T13:00:00
443,32,2019-08-28T13:00:00,2019-08-28T14:00:00
444,32,2019-08-28T14:00:00,2019-08-28T15:00:00
445,32,2019-08-28T15:00:00,2019-08-28T16:00:00
446,32,2019-08-28T16:00:00,2019-08-28T17:00:00
447,32,2019-08-28T17:00:00,2019-08-28T18:00:00
448,32,2019-08-28T18:00:00,2019-08-28T19:00:00
449,32,2019-08-28T19:00:00,2019-08-28T20:00:00
450,33,2019-09-11T06:00:00,2019-09-11T07:00:00
451,33,2019-09-11T07:00:00,2019-09-11T08:00:00
452,33,2019-09-11T08:00:00,2019-09-11T09:00:00
453,33,2019-09-11T09:00:00,2019-09-11T10:00:00
454,33,2019-09-11T10:00:00,2019-09-11T11:00:00
455,33,2019-09-11T11:00:00,2019-09-11T12:00:00
456,33,2019-09-11T12:00:00,2019-09-11T13:00:00
457,33,2019-09-11T13:00:00,2019-09-11T14:00:00
458,33,2019-09-11T14:00:00,2019-09-11T15:00:00
459,33,2019-09-11T15:00:00,2019-09-11T16:00:00
460,33,2019-09-11T16:00:00,2019-09-11T17:00:00
461,33,2019-09-11T17:00:00,2019-09-11T18:00:00
462,33,2019-09-11T18:00:00,2019-09-11T19:00:00
463,33,2019-09-11T19:00:00,2019-09-11T20:00:00
464,34,2019-09-18T06:00:00,2019-09-18T07:00:00
465,34,2019-09-18T07:00:00,2019-09-18T08:00:00
466,34,2019-09-18T08:00:00,2019-09-18T09:00:00
467,34,2019-09-18T09:00:00,2019-09-18T10:00:00
468,34,2019-09-18T10:00:00,2019-09-18T11:00:00
469,34,2019-09-18T11:00:00,2019-09-18T12:00:00
470,34,2019-09-18T12:00:00,2019-09-18T13:00:00
471,34,2019-09-18T13:00:00,2019-09-18T14:00:00
472,34,2019-09-18T14:00:00,2019-09-18T15:00:00
473,34,2019-09-18T15:00:00,2019-09-18T16:00:00
474,34,2019-09-18T16:00:00,2019-09-18T17:00:00
475,34,2019-09-18T17:00:00,2019-09-18T18:00:00
476,34,2019-09-18T18:00:00,2019-09-18T19:00:00
477,34,2019-09-18T19:00:00,2019-09-18T20:00:00
478,35,2019-09-18T06:00:00,2019-09-18T07:00:00
479,35,2019-09-18T07:00:00,2019-09-18T08:00:00
480,35,2019-09-18T08:00:00,2019-09-18T09:00:00
481,35,2019-09-18T09:00:00,2019-09-18T10:00:00
482,35,2019-09-18T10:00:00,2019-09-18T11:00:00
483,35,2019-09-18T11:00:00,2019-09-18T12:00:00
484,35,2019-09-18T12:00:00,2019-09-18T13:00:00
485,35,2019-09-18T13:00:00,2019-09-18T14:00:00
486,35,2019-09-18T14:00:00,2019-09-18T15:00:00
487,35,2019-09-18T15:00:00,2019-09-18T16:00:00
488,35,2019-09-18T16:00:00,2019-09-18T17:00:00
489,35,2019-09-18T17:00:00,2019-09-18T18:00:00
490,35,2019-09-18T18:00:00,2019-09-18T19:00:00
491,35,2019-09-18T19:00:00,2019-09-18T20:00:00
492,36,2019-10-30T06:00:00,2019-10-30T07:00:00
493,36,2019-10-30T07:00:00,2019-10-30T08:00:00
494,36,2019-10-30T08:00:00,2019-10-30T09:00:00
495,36,2019-10-30T09:00:00,2019-10-30T10:00:00
496,36,2019-10-30T10:00:00,2019-10-30T11:00:00
497,36,2019-10-30T11:00:00,2019-10-30T12:00:00
498,36,2019-10-30T12:00:00,2019-10-30T13:00:00
499,36,2019-10-30T13:00:00,2019-10-30T14:00:00
500,36,2019-10-30T14:00:00,2019-10-30T15:00:00
501,36,2019-10-30T15:00:00,2019-10-30T16:00:00
502,36,2019-10-30T16:00:00,2019-10-30T17:00:00
503,36,2019-10-30T17:00:00,2019-10-30T18:00:00
504,36,2019-10-30T18:00:00,2019-10-30T19:00:00
505,36,2019-10-30T19:00:00,2019-10-30T20:00:00
506,37,2019-11-28T06:00:00,2019-11-28T07:00:00
507,37,2019-11-28T07:00:00,2019-11-28T08:00:00
508,37,2019-11-28T08:00:00,2019-11-28T09:00:00
509,37,2019-11-28T09:00:00,2019-11-28T10:00:00
510,37,2019-11-28T10:00:00,2019-11-28T11:00:00
511,37,2019-11-28T11:00:00,2019-11-28T12:00:00
512,37,2019-11-28T12:00:00,2019-11-28T13:00:00
513,37,2019-11-28T13:00:00,2019-11-28T14:00:00
514,37,2019-11-28T14:00:00,2019-11-28T15:00:00
515,37,2019-11-28T15:00:00,2019-11-28T16:00:00
516,37,2019-11-28T16:00:00,2019-11-28T17:00:00
517,37,2019-11-28T17:00:00,2019-11-28T18:00:00
518,37,2019-11-28T18:00:00,2019-11-28T19:00:00
519,37,2019-11-28T19:00:00,2019-11-28T20:00:00
520,38,2019-12-05T06:00:00,2019-12-05T07:00:00
521,38,2019-12-05T07:00:00,2019-12-05T08:00:00
522,38,2019-12-05T08:00:00,2019-12-05T09:00:00
523,38,2019-12-05T09:00:00,2019-12-05T10:00:00
524,38,2019-12-05T10:00:00,2019-12-05T11:00:00
525,38,2019-12-05T11:00:00,2019-12-05T12:00:00
526,38,2019-12-05T12:00:00,2019-12-05T13:00:00
527,38,2019-12-05T13:00:00,2019-12-05T14:00:00
528,38,2019-12-05T14:00:00,2019-12-05T15:00:00
529,38,2019-12-05T15:00:00,2019-12-05T16:00:00
530,38,2019-12-05T16:00:00,2019-12-05T17:00:00
531,38,2019-12-05T17:00:00,2019-12-05T18:00:00
532,38,2019-12-05T18:00:00,2019-12-05T19:00:00
533,38,2019-12-05T19:00:00,2019-12-05T20:00:00
534,39,2019-12-10T06:00:00,2019-12-10T07:00:00
535,39,2019-12-10T07:00:00,2019-12-10T08:00:00
536,39,2019-12-10T08:00:00,2019-12-10T09:00:00
537,39,2019-12-10T09:00:00,2019-12-10T10:00:00
538,39,2019-12-10T10:00:00,2019-12-10T11:00:00
539,39,2019-12-10T11:00:00,2019-12-10T12:00:00
540,39,2019-12-10T12:00:00,2019-12-10T13:00:00
541,39,2019-12-10T13:00:00,2019-12-10T14:00:00
542,39,2019-12-10T14:00:00,2019-12-10T15:00:00
543,39,2019-12-10T15:00:00,2019-12-10T16:00:00
544,39,2019-12-10T16:00:00,2019-12-10T17:00:00
545,39,2019-12-10T17:00:00,2019-12-10T18:00:00
546,39,2019-12-10T18:00:00,2019-12-10T19:00:00
547,39,2019-12-10T19:00:00,2019-12-10T20:00:00
548,40,2020-09-23T06:00:00,2020-09-23T07:00:00
549,40,2020-09-23T07:00:00,2020-09-23T08:00:00
550,40,2020-09-23T08:00:00,2020-09-23T09:00:00
551,40,2020-09-23T09:00:00,2020-09-23T10:00:00
552,40,2020-09-23T10:00:00,2020-09-23T11:00:00
553,40,2020-09-23T11:00:00,2020-09-23T12:00:00
554,40,2020-09-23T12:00:00,2020-09-23T13:00:00
555,40,2020-09-23T13:00:00,2020-09-23T14:00:00
556,40,2020-09-23T14:00:00,2020-09-23T15:00:00
557,40,2020-09-23T15:00:00,2020-09-23T16:00:00
558,40,2020-09-23T16:00:00,2020-09-23T17:00:00
559,40,2020-09-23T17:00:00,2020-09-23T18:00:00
560,40,2020-09-23T18:00:00,2020-09-23T19:00:00
561,40,2020-09-23T19:00:00,2020-09-23T20:00:00
562,41,2021-08-25T06:00:00,2021-08-25T07:00:00
563,41,2021-08-25T07:00:00,2021-08-25T08:00:00
564,41,2021-08-25T08:00:00,2021-08-25T09:00:00
565,41,2021-08-25T09:00:00,2021-08-25T10:00:00
566,41,2021-08-25T10:00:00,2021-08-25T11:00:00
567,41,2021-08-25T11:00:00,2021-08-25T12:00:00
568,41,2021-08-25T12:00:00,2021-08-25T13:00:00
569,41,2021-08-25T13:00:00,2021-08-25T14:00:00
570,41,2021-08-25T14:00:00,2021-08-25T15:00:00
571,41,2021-08-25T15:00:00,2021-08-25T16:00:00
572,41,2021-08-25T16:00:00,2021-08-25T17:00:00
573,41,2021-08-25T17:00:00,2021-08-25T18:00:00
574,41,2021-08-25T18:00:00,2021-08-25T19:00:00
575,41,2021-08-25T19:00:00,2021-08-25T20:00:00
576,42,2021-09-08T06:00:00,2021-09-08T07:00:00
577,42,2021-09-08T07:00:00,2021-09-08T08:00:00
578,42,2021-09-08T08:00:00,2021-09-08T09:00:00
579,42,2021-09-08T09:00:00,2021-09-08T10:00:00
580,42,2021-09-08T10:00:00,2021-09-08T11:00:00
581,42,2021-09-08T11:00:00,2021-09-08T12:00:00
582,42,2021-09-08T12:00:00,2021-09-08T13:00:00
583,42,2021-09-08T13:00:00,2021-09-08T14:00:00
584,42,2021-09-08T14:00:00,2021-09-08T15:00:00
585,42,2021-09-08T15:00:00,2021-09-08T16:00:00
586,42,2021-09-08T16:00:00,2021-09-08T17:00:00
587,42,2021-09-08T17:00:00,2021-09-08T18:00:00
588,42,2021-09-08T18:00:00,2021-09-08T19:00:00
589,42,2021-09-08T19:00:00,2021-09-08T20:00:00
590,43,2021-09-23T06:00:00,2021-09-23T07:00:00
591,43,2021-09-23T07:00:00,2021-09-23T08:00:00
592,43,2021-09-23T08:00:00,2021-09-23T09:00:00
593,43,2021-09-23T09:00:00,2021-09-23T10:00:00
594,43,2021-09-23T10:00:00,2021-09-23T11:00:00
595,43,2021-09-23T11:00:00,2021-09-23T12:00:00
596,43,2021-09-23T12:00:00,2021-09-23T13:00:00
597,43,2021-09-23T13:00:00,2021-09-23T14:00:00
598,43,2021-09-23T14:00:00,2021-09-23T15:00:00
599,43,2021-09-23T15:00:00,2021-09-23T16:00:00
600,43,2021-09-23T16:00:00,2021-09-23T17:00:00
601,43,2021-09-23T17:00:00,2021-09-23T18:00:00
602,43,2021-09-23T18:00:00,2021-09-23T19:00:00
603,43,2021-09-23T19:00:00,2021-09-23T20:00:00
604,44,2021-10-13T06:00:00,2021-10-13T07:00:00
605,44,2021-10-13T07:00:00,2021-10-13T08:00:00
606,44,2021-10-13T08:00:00,2021-10-13T09:00:00
607,44,2021-10-13T09:00:00,2021-10-13T10:00:00
608,44,2021-10-13T10:00:00,2021-10-13T11:00:00
609,44,2021-10-13T11:00:00,2021-10-13T12:00:00
610,44,2021-10-13T12:00:00,2021-10-13T13:00:00
611,44,2021-10-13T13:00:00,2021-10-13T14:00:00
612,44,2021-10-13T14:00:00,2021-10-13T15:00:00
613,44,2021-10-13T15:00:00,2021-10-13T16:00:00
614,44,2021-10-13T16:00:00,2021-10-13T17:00:00
615,44,2021-10-13T17:00:00,2021-10-13T18:00:00
616,44,2021-10-13T18:00:00,2021-10-13T19:00:00
617,44,2021-10-13T19:00:00,2021-10-13T20:00:00
618,45,2021-10-27T06:00:00,2021-10-27T07:00:00
619,45,2021-10-27T07:00:00,2021-10-27T08:00:00
620,45,2021-10-27T08:00:00,2021-10-27T09:00:00
621,45,2021-10-27T09:00:00,2021-10-27T10:00:00
622,45,2021-10-27T10:00:00,2021-10-27T11:00:00
623,45,2021-10-27T11:00:00,2021-10-27T12:00:00
624,45,2021-10-27T12:00:00,2021-10-27T13:00:00
625,45,2021-10-27T13:00:00,2021-10-27T14:00:00
626,45,2021-10-27T14:00:00,2021-10-27T15:00:00
627,45,2021-10-27T15:00:00,2021-10-27T16:00:00
628,45,2021-10-27T16:00:00,2021-10-27T17:00:00
629,45,2021-10-27T17:00:00,2021-10-27T18:00:00
630,45,2021-10-27T18:00:00,2021-10-27T19:00:00
631,45,2021-10-27T19:00:00,2021-10-27T20:00:00
632,46,2021-11-10T06:00:00,2021-11-10T07:00:00
633,46,2021-11-10T07:00:00,2021-11-10T08:00:00
634,46,2021-11-10T08:00:00,2021-11-10T09:00:00
635,46,2021-11-10T09:00:00,2021-11-10T10:00:00
636,46,2021-11-10T10:00:00,2021-11-10T11:00:00
637,46,2021-11-10T11:00:00,2021-11-10T12:00:00
638,46,2021-11-10T12:00:00,2021-11-10T13:00:00
639,46,2021-11-10T13:00:00,2021-11-10T14:00:00
640,46,2021-11-10T14:00:00,2021-11-10T15:00:00
641,46,2021-11-10T15:00:00,2021-11-10T16:00:00
642,46,2021-11-10T16:00:00,2021-11-10T17:00:00
643,46,2021-11-10T17:00:00,2021-11-10T18:00:00
644,46,2021-11-10T18:00:00,2021-11-10T19:00:00
645,46,2021-11-10T19:00:00,2021-11-10T20:00:00
646,47,2021-11-24T06:00:00,2021-11-24T07:00:00
647,47,2021-11-24T07:00:00,2021-11-24T08:00:00
648,47,2021-11-24T08:00:00,2021-11-24T09:00:00
649,47,2021-11-24T09:00:00,2021-11-24T10:00:00
650,47,2021-11-24T10:00:00,2021-11-24T11:00:00
651,47,2021-11-24T11:00:00,2021-11-24T12:00:00
652,47,2021-11-24T12:00:00,2021-11-24T13:00:00
653,47,2021-11-24T13:00:00,2021-11-24T14:00:00
654,47,2021-11-24T14:00:00,2021-11-24T15:00:00
655,47,2021-11-24T15:00:00,2021-11-24T16:00:00
656,47,2021-11-24T16:00:00,2021-11-24T17:00:00
657,47,2021-11-24T17:00:00,2021-11-24T18:00:00
658,47,2021-11-24T18:00:00,2021-11-24T19:00:00
659,47,2021-11-24T19:00:00,2021-11-24T20:00:00
660,48,2021-12-09T06:00:00,2021-12-09T07:00:00
661,48,2021-12-09T07:00:00,2021-12-09T08:00:00
662,48,2021-12-09T08:00:00,2021-12-09T09:00:00
663,48,2021-12-09T09:00:00,2021-12-09T10:00:00
664,48,2021-12-09T10:00:00,2021-12-09T11:00:00
665,48,2021-12-09T11:00:00,2021-12-09T12:00:00
666,48,2021-12-09T12:00:00,2021-12-09T13:00:00
667,48,2021-12-09T13:00:00,2021-12-09T14:00:00
668,48,2021-12-09T14:00:00,2021-12-09T15:00:00
669,48,2021-12-09T15:00:00,2021-12-09T16:00:00
670,48,2021-12-09T16:00:00,2021-12-09T17:00:00
671,48,2021-12-09T17:00:00,2021-12-09T18:00:00
672,48,2021-12-09T18:00:00,2021-12-09T19:00:00
673,48,2021-12-09T19:00:00,2021-12-09T20:00:00
674,49,2022-03-30T06:00:00,2022-03-30T07:00:00
675,49,2022-03-30T07:00:00,2022-03-30T08:00:00
676,49,2022-03-30T08:00:00,2022-03-30T09:00:00
677,49,2022-03-30T09:00:00,2022-03-30T10:00:00
678,49,2022-03-30T10:00:00,2022-03-30T11:00:00
679,49,2022-03-30T11:00:00,2022-03-30T12:00:00
680,49,2022-03-30T12:00:00,2022-03-30T13:00:00
681,49,2022-03-30T13:00:00,2022-03-30T14:00:00
682,49,2022-03-30T14:00:00,2022-03-30T15:00:00
683,49,2022-03-30T15:00:00,2022-03-30T16:00:00
684,49,2022-03-30T16:00:00,2022-03-30T17:00:00
685,49,2022-03-30T17:00:00,2022-03-30T18:00:00
686,49,2022-03-30T18:00:00,2022-03-30T19:00:00
687,49,2022-03-30T19:00:00,2022-03-30T20:00:00
688,50,2022-04-27T06:00:00,2022-04-27T07:00:00
689,50,2022-04-27T07:00:00,2022-04-27T08:00:00
690,50,2022-04-27T08:00:00,2022-04-27T09:00:00
691,50,2022-04-27T09:00:00,2022-04-27T10:00:00
692,50,2022-04-27T10:00:00,2022-04-27T11:00:00
693,50,2022-04-27T11:00:00,2022-04-27T12:00:00
694,50,2022-04-27T12:00:00,2022-04-27T13:00:00
695,50,2022-04-27T13:00:00,2022-04-27T14:00:00
696,50,2022-04-27T14:00:00,2022-04-27T15:00:00
697,50,2022-04-27T15:00:00,2022-04-27T16:00:00
698,50,2022-04-27T16:00:00,2022-04-27T17:00:00
699,50,2022-04-27T17:00:00,2022-04-27T18:00:00
700,50,2022-04-27T18:00:00,2022-04-27T19:00:00
701,50,2022-04-27T19:00:00,2022-04-27T20:00:00
702,51,2022-07-28T06:00:00,2022-07-28T07:00:00
703,51,2022-07-28T07:00:00,2022-07-28T08:00:00
704,51,2022-07-28T08:00:00,2022-07-28T09:00:00
705,51,2022-07-28T09:00:00,2022-07-28T10:00:00
706,51,2022-07-28T10:00:00,2022-07-28T11:00:00
707,51,2022-07-28T11:00:00,2022-07-28T12:00:00
708,51,2022-07-28T12:00:00,2022-07-28T13:00:00
709,51,2022-07-28T13:00:00,2022-07-28T14:00:00
710,51,2022-07-28T14:00:00,2022-07-28T15:00:00
711,51,2022-07-28T15:00:00,2022-07-28T16:00:00
712,51,2022-07-28T16:00:00,2022-07-28T17:00:00
713,51,2022-07-28T17:00:00,2022-07-28T18:00:00
714,51,2022-07-28T18:00:00,2022-07-28T19:00:00
715,51,2022-07-28T19:00:00,2022-07-28T20:00:00
716,52,2023-02-09T06:00:00,2023-02-09T07:00:00
717,52,2023-02-09T07:00:00,2023-02-09T08:00:00
718,52,2023-02-09T08:00:00,2023-02-09T09:00:00
719,52,2023-02-09T09:00:00,2023-02-09T10:00:00
720,52,2023-02-09T10:00:00,2023-02-09T11:00:00
721,52,2023-02-09T11:00:00,2023-02-09T12:00:00
722,52,2023-02-09T12:00:00,2023-02-09T13:00:00
723,53,2023-03-02T06:00:00,2023-03-02T07:00:00
724,53,2023-03-02T07:00:00,2023-03-02T08:00:00
725,53,2023-03-02T08:00:00,2023-03-02T09:00:00
726,53,2023-03-02T09:00:00,2023-03-02T10:00:00
727,53,2023-03-02T10:00:00,2023-03-02T11:00:00
728,53,2023-03-02T11:00:00,2023-03-02T12:00:00
729,53,2023-03-02T12:00:00,2023-03-02T13:00:00
730,53,2023-03-02T13:00:00,2023-03-02T14:00:00
731,53,2023-03-02T14:00:00,2023-03-02T15:00:00
732,53,2023-03-02T15:00:00,2023-03-02T16:00:00
733,53,2023-03-02T16:00:00,2023-03-02T17:00:00
734,53,2023-03-02T17:00:00,2023-03-02T18:00:00
735,53,2023-03-02T18:00:00,2023-03-02T19:00:00
736,53,2023-03-02T19:00:00,2023-03-02T20:00:00
737,54,2023-03-23T06:00:00,2023-03-23T07:00:00
738,54,2023-03-23T07:00:00,2023-03-23T08:00:00
739,54,2023-03-23T08:00:00,2023-03-23T09:00:00
740,54,2023-03-23T09:00:00,2023-03-23T10:00:00
741,54,2023-03-23T10:00:00,2023-03-23T11:00:00
742,54,2023-03-23T11:00:00,2023-03-23T12:00:00
743,54,2023-03-23T12:00:00,2023-03-23T13:00:00
744,54,2023-03-23T13:00:00,2023-03-23T14:00:00
745,54,2023-03-23T14:00:00,2023-03-23T15:00:00
746,54,2023-03-23T15:00:00,2023-03-23T16:00:00
747,54,2023-03-23T16:00:00,2023-03-23T17:00:00
748,54,2023-03-23T17:00:00,2023-03-23T18:00:00
749,54,2023-03-23T18:00:00,2023-03-23T19:00:00
750,54,2023-03-23T19:00:00,2023-03-23T20:00:00
751,55,2023-04-19T06:00:00,2023-04-19T07:00:00
752,55,2023-04-19T07:00:00,2023-04-19T08:00:00
753,55,2023-04-19T08:00:00,2023-04-19T09:00:00
754,55,2023-04-19T09:00:00,2023-04-19T10:00:00
755,55,2023-04-19T10:00:00,2023-04-19T11:00:00
756,55,2023-04-19T11:00:00,2023-04-19T12:00:00
757,55,2023-04-19T12:00:00,2023-04-19T13:00:00
758,55,2023-04-19T13:00:00,2023-04-19T14:00:00
759,55,2023-04-19T14:00:00,2023-04-19T15:00:00
760,55,2023-04-19T15:00:00,2023-04-19T16:00:00
761,55,2023-04-19T16:00:00,2023-04-19T17:00:00
762,55,2023-04-19T17:00:00,2023-04-19T18:00:00
763,55,2023-04-19T18:00:00,2023-04-19T19:00:00
764,55,2023-04-19T19:00:00,2023-04-19T20:00:00
765,56,2023-05-11T06:00:00,2023-05-11T07:00:00
766,56,2023-05-11T07:00:00,2023-05-11T08:00:00
767,56,2023-05-11T08:00:00,2023-05-11T09:00:00
768,56,2023-05-11T09:00:00,2023-05-11T10:00:00
769,56,2023-05-11T10:00:00,2023-05-11T11:00:00
770,56,2023-05-11T11:00:00,2023-05-11T12:00:00
771,56,2023-05-11T12:00:00,2023-05-11T13:00:00
772,56,2023-05-11T13:00:00,2023-05-11T14:00:00
773,56,2023-05-11T14:00:00,2023-05-11T15:00:00
774,56,2023-05-11T15:00:00,2023-05-11T16:00:00
775,56,2023-05-11T16:00:00,2023-05-11T17:00:00
776,56,2023-05-11T17:00:00,2023-05-11T18:00:00
777,56,2023-05-11T18:00:00,2023-05-11T19:00:00
778,56,2023-05-11T19:00:00,2023-05-11T20:00:00
779,57,2023-08-10T06:00:00,2023-08-10T07:00:00
780,57,2023-08-10T07:00:00,2023-08-10T08:00:00
781,57,2023-08-10T08:00:00,2023-08-10T09:00:00
782,57,2023-08-10T09:00:00,2023-08-10T10:00:00
783,57,2023-08-10T10:00:00,2023-08-10T11:00:00
784,57,2023-08-10T11:00:00,2023-08-10T12:00:00
785,57,2023-08-10T12:00:00,2023-08-10T13:00:00
786,57,2023-08-10T13:00:00,2023-08-10T14:00:00
787,57,2023-08-10T14:00:00,2023-08-10T15:00:00
788,57,2023-08-10T15:00:00,2023-08-10T16:00:00
789,57,2023-08-10T16:00:00,2023-08-10T17:00:00
790,57,2023-08-10T17:00:00,2023-08-10T18:00:00
791,57,2023-08-10T18:00:00,2023-08-10T19:00:00
792,57,2023-08-10T19:00:00,2023-08-10T20:00:00
793,58,2023-08-31T06:00:00,2023-08-31T07:00:00
794,58,2023-08-31T07:00:00,2023-08-31T08:00:00
795,58,2023-08-31T08:00:00,2023-08-31T09:00:00
796,58,2023-08-31T09:00:00,2023-08-31T10:00:00
797,58,2023-08-31T10:00:00,2023-08-31T11:00:00
798,58,2023-08-31T11:00:00,2023-08-31T12:00:00
799,58,2023-08-31T12:00:00,2023-08-31T13:00:00
800,58,2023-08-31T13:00:00,2023-08-31T14:00:00
801,58,2023-08-31T14:00:00,2023-08-31T15:00:00
802,58,2023-08-31T15:00:00,2023-08-31T16:00:00
803,58,2023-08-31T16:00:00,2023-08-31T17:00:00
804,58,2023-08-31T17:00:00,2023-08-31T18:00:00
805,58,2023-08-31T18:00:00,2023-08-31T19:00:00
806,58,2023-08-31T19:00:00,2023-08-31T20:00:00
807,59,2023-10-03T06:00:00,2023-10-03T07:00:00
808,59,2023-10-03T07:00:00,2023-10-03T08:00:00
809,59,2023-10-03T08:00:00,2023-10-03T09:00:00
810,59,2023-10-03T09:00:00,2023-10-03T10:00:00
811,59,2023-10-03T10:00:00,2023-10-03T11:00:00
812,59,2023-10-03T11:00:00,2023-10-03T12:00:00
813,59,2023-10-03T12:00:00,2023-10-03T13:00:00
814,59,2023-10-03T13:00:00,2023-10-03T14:00:00
815,59,2023-10-03T14:00:00,2023-10-03T15:00:00
816,59,2023-10-03T15:00:00,2023-10-03T16:00:00
817,59,2023-10-03T16:00:00,2023-10-03T17:00:00
818,59,2023-10-03T17:00:00,2023-10-03T18:00:00
819,59,2023-10-03T18:00:00,2023-10-03T19:00:00
820,59,2023-10-03T19:00:00,2023-10-03T20:00:00
821,60,2023-10-19T06:00:00,2023-10-19T07:00:00
822,60,2023-10-19T07:00:00,2023-10-19T08:00:00
823,60,2023-10-19T08:00:00,2023-10-19T09:00:00
824,60,2023-10-19T09:00:00,2023-10-19T10:00:00
825,60,2023-10-19T10:00:00,2023-10-19T11:00:00
826,60,2023-10-19T11:00:00,2023-10-19T12:00:00
827,60,2023-10-19T12:00:00,2023-10-19T13:00:00
828,60,2023-10-19T13:00:00,2023-10-19T14:00:00
829,60,2023-10-19T14:00:00,2023-10-19T15:00:00
830,60,2023-10-19T15:00:00,2023-10-19T16:00:00
831,60,2023-10-19T16:00:00,2023-10-19T17:00:00
832,60,2023-10-19T17:00:00,2023-10-19T18:00:00
833,60,2023-10-19T18:00:00,2023-10-19T19:00:00
834,60,2023-10-19T19:00:00,2023-10-19T20:00:00
835,61,2023-11-09T06:00:00,2023-11-09T07:00:00
836,61,2023-11-09T07:00:00,2023-11-09T08:00:00
837,61,2023-11-09T08:00:00,2023-11-09T09:00:00
838,61,2023-11-09T09:00:00,2023-11-09T10:00:00
839,61,2023-11-09T10:00:00,2023-11-09T11:00:00
840,61,2023-11-09T11:00:00,2023-11-09T12:00:00
841,61,2023-11-09T12:00:00,2023-11-09T13:00:00
842,61,2023-11-09T13:00:00,2023-11-09T14:00:00
843,61,2023-11-09T14:00:00,2023-11-09T15:00:00
844,61,2023-11-09T15:00:00,2023-11-09T16:00:00
845,61,2023-11-09T16:00:00,2023-11-09T17:00:00
846,61,2023-11-09T17:00:00,2023-11-09T18:00:00
847,61,2023-11-09T18:00:00,2023-11-09T19:00:00
848,61,2023-11-09T19:00:00,2023-11-09T20:00:00